<?xml version="1.0"?>
<RAD_FUNCTIONS><FUNCTION_ID>CIDTKF</FUNCTION_ID><FUNCTION_TYPE>P</FUNCTION_TYPE><FUNCTION_CATEGORY>MAINTENANCE</FUNCTION_CATEGORY><FUNCTION_ORIGIN>CUSTOM</FUNCTION_ORIGIN><PARENT_FUNC_ID></PARENT_FUNC_ID><PARENT_MODULE_ID></PARENT_MODULE_ID><PARENT_ORIGIN/><HEADER_TEMPLATE>NONE</HEADER_TEMPLATE><FOOTER_TEMPLATE>NONE</FOOTER_TEMPLATE><ACTION>NEW</ACTION><RELEASE_TYPE>CUSTOM</RELEASE_TYPE><CALL_FORM_TYPE>DATA</CALL_FORM_TYPE><LANG_CODE>ENG</LANG_CODE><OPERATION>GENERATE</OPERATION><ORIGINATION_DATE></ORIGINATION_DATE><USER_ID>ZEESHANK</USER_ID><RELEASE_CODE>FCUBS_1203</RELEASE_CODE><SFR_NO/><CHECKIN_MODE/><SITE_CODE/><SUB_PROJECT/><DDL_REMARKS/><MODIFIED_IN_KERNEL>N</MODIFIED_IN_KERNEL><MODIFIED_IN_CLUSTER>N</MODIFIED_IN_CLUSTER><MODIFIED_IN_CUSTOM>Y</MODIFIED_IN_CUSTOM><MODIFIED_IN_CUSTOMER>N</MODIFIED_IN_CUSTOMER><PARENT_MODIFIED_IN_KERNEL>N</PARENT_MODIFIED_IN_KERNEL><PARENT_MODIFIED_IN_CLUSTER>N</PARENT_MODIFIED_IN_CLUSTER><PARENT_MODIFIED_IN_CUSTOM>N</PARENT_MODIFIED_IN_CUSTOM><PARENT_MODIFIED_IN_CUSTOMER>N</PARENT_MODIFIED_IN_CUSTOMER><TEMP_CORRECTION_DONE>Y</TEMP_CORRECTION_DONE><ORDER_CORRECTION_DONE>D</ORDER_CORRECTION_DONE><SVN_USER/><SVN_PASS/><DELET_OLDNODES_DONE>Y</DELET_OLDNODES_DONE><RAD_KERNEL/><RAD_CUSTOM><RAD_FUNC_PREFERENCES ID="MENU"><MODULE_ID>CI</MODULE_ID><MODULE_DESC>Islamic Financing</MODULE_DESC><AUTO_AUTH>N</AUTO_AUTH><HO_FUNCTION>N</HO_FUNCTION><LOGGING_REQD>N</LOGGING_REQD><FIELD_LOG_REQD>N</FIELD_LOG_REQD><BRANCH_PROGRAM_ID></BRANCH_PROGRAM_ID><PROCESS_CODE></PROCESS_CODE><TANK_MODIFICATIONS>N</TANK_MODIFICATIONS><VCS_FOLDER></VCS_FOLDER><TXN_BLOCK_NAME></TXN_BLOCK_NAME><TXN_FIELD_NAME></TXN_FIELD_NAME><MULTI_BRANCH_ACCESS>N</MULTI_BRANCH_ACCESS><EXPORT_REQD>N</EXPORT_REQD><ELCM_FUNCTION>N</ELCM_FUNCTION><MENU_DETAILS ID="CIDTKF"><FUNCTION_ID>CIDTKF</FUNCTION_ID><LBL_FUNCTION_DESC/><FUNC_MODULE_ID>CI</FUNC_MODULE_ID><FUNCTION_DESC/><CONTROL_STRING>0000100100000000</CONTROL_STRING><LBL_FUNC_MODULE_DESC/><FUNC_MODULE_DESC>Islamic Financing</FUNC_MODULE_DESC></MENU_DETAILS></RAD_FUNC_PREFERENCES><RAD_DATASOURCES ID="CLTB_ACCOUNT_APPS_MASTER"><DATASRC_NAME>CLTB_ACCOUNT_APPS_MASTER</DATASRC_NAME><DATASRC_ALIAS></DATASRC_ALIAS><PARENT_DATASRC></PARENT_DATASRC><RELATION_WITH_PARENT></RELATION_WITH_PARENT><RELATION_TYPE>1</RELATION_TYPE><DEFAULT_WHERE></DEFAULT_WHERE><IS_MANDATORY>N</IS_MANDATORY><MULTI_RECORD>N</MULTI_RECORD><MASTER_DATASRC>Y</MASTER_DATASRC><PK_COLS>ACCOUNT_NUMBER~BRANCH_CODE</PK_COLS><PK_TYPES>VARCHAR2~VARCHAR2</PK_TYPES><DEFAULT_ORDER_BY></DEFAULT_ORDER_BY><DATASRC_TYPE>NORMAL</DATASRC_TYPE><CHILD_DATASRC>N</CHILD_DATASRC><RELEASE_TYPE>CUSTOM</RELEASE_TYPE><RELEASE_NAME>FCUBS_1203</RELEASE_NAME><UPLOAD_TABLE></UPLOAD_TABLE><UP_TBL_PK_COLS></UP_TBL_PK_COLS><UP_TBL_WHERE_CLAUSE></UP_TBL_WHERE_CLAUSE><RAD_FIELDS ID="ACCOUNT_NUMBER"><COLUMN_NAME>ACCOUNT_NUMBER</COLUMN_NAME><DATATYPE>VARCHAR2</DATATYPE><MAX_LENGTH>35</MAX_LENGTH><BLOCK_NAME>BLK_ACC</BLOCK_NAME><RELEASE_TYPE>CUSTOM</RELEASE_TYPE><RELEASE_NAME>FCUBS_1203</RELEASE_NAME><FIELD_NAME>ACC</FIELD_NAME><NOT_REQD_IN_UPLOAD_PKGS>N</NOT_REQD_IN_UPLOAD_PKGS><UPLD_TABLE_COLUMN></UPLD_TABLE_COLUMN><MAX_DECIMALS></MAX_DECIMALS></RAD_FIELDS><RAD_FIELDS ID="BRANCH_CODE"><COLUMN_NAME>BRANCH_CODE</COLUMN_NAME><DATATYPE>VARCHAR2</DATATYPE><MAX_LENGTH>35</MAX_LENGTH><BLOCK_NAME>BLK_ACC</BLOCK_NAME><RELEASE_TYPE>CUSTOM</RELEASE_TYPE><RELEASE_NAME>FCUBS_1203</RELEASE_NAME><FIELD_NAME>BRN</FIELD_NAME><NOT_REQD_IN_UPLOAD_PKGS>N</NOT_REQD_IN_UPLOAD_PKGS><UPLD_TABLE_COLUMN></UPLD_TABLE_COLUMN><MAX_DECIMALS></MAX_DECIMALS></RAD_FIELDS></RAD_DATASOURCES><RAD_DATASOURCES ID="CLTB_ACCOUNT_INSURANCE"><DATASRC_NAME>CLTB_ACCOUNT_INSURANCE</DATASRC_NAME><DATASRC_ALIAS></DATASRC_ALIAS><PARENT_DATASRC>CLTB_ACCOUNT_APPS_MASTER</PARENT_DATASRC><RELATION_WITH_PARENT>CLTB_ACCOUNT_APPS_MASTER.account_number = CLTB_ACCOUNT_INSURANCE.account_number </RELATION_WITH_PARENT><RELATION_TYPE>N</RELATION_TYPE><DEFAULT_WHERE></DEFAULT_WHERE><IS_MANDATORY>N</IS_MANDATORY><MULTI_RECORD>Y</MULTI_RECORD><MASTER_DATASRC>N</MASTER_DATASRC><PK_COLS>ACCOUNT_NUMBER~YEARS</PK_COLS><PK_TYPES>VARCHAR2~NUMBER</PK_TYPES><DEFAULT_ORDER_BY></DEFAULT_ORDER_BY><DATASRC_TYPE>NORMAL</DATASRC_TYPE><CHILD_DATASRC>N</CHILD_DATASRC><RELEASE_TYPE>CUSTOM</RELEASE_TYPE><RELEASE_NAME>FCUBS_1203</RELEASE_NAME><UPLOAD_TABLE></UPLOAD_TABLE><UP_TBL_PK_COLS></UP_TBL_PK_COLS><UP_TBL_WHERE_CLAUSE></UP_TBL_WHERE_CLAUSE><RAD_FIELDS ID="YEARS"><COLUMN_NAME>YEARS</COLUMN_NAME><DATATYPE>NUMBER</DATATYPE><MAX_LENGTH>22</MAX_LENGTH><BLOCK_NAME>BLK_TKF</BLOCK_NAME><RELEASE_TYPE>CUSTOM</RELEASE_TYPE><RELEASE_NAME>FCUBS_1203</RELEASE_NAME><FIELD_NAME>YEARS</FIELD_NAME><NOT_REQD_IN_UPLOAD_PKGS>N</NOT_REQD_IN_UPLOAD_PKGS><UPLD_TABLE_COLUMN></UPLD_TABLE_COLUMN><MAX_DECIMALS></MAX_DECIMALS></RAD_FIELDS><RAD_FIELDS ID="EFFECTIVE_DATE"><COLUMN_NAME>EFFECTIVE_DATE</COLUMN_NAME><DATATYPE>DATE</DATATYPE><MAX_LENGTH>7</MAX_LENGTH><BLOCK_NAME>BLK_TKF</BLOCK_NAME><RELEASE_TYPE>CUSTOM</RELEASE_TYPE><RELEASE_NAME>FCUBS_1203</RELEASE_NAME><FIELD_NAME>EFF_DT</FIELD_NAME><NOT_REQD_IN_UPLOAD_PKGS/><UPLD_TABLE_COLUMN/><MAX_DECIMALS></MAX_DECIMALS></RAD_FIELDS><RAD_FIELDS ID="BASIS_AMOUNT"><COLUMN_NAME>BASIS_AMOUNT</COLUMN_NAME><DATATYPE>NUMBER</DATATYPE><MAX_LENGTH>22</MAX_LENGTH><BLOCK_NAME>BLK_TKF</BLOCK_NAME><RELEASE_TYPE>CUSTOM</RELEASE_TYPE><RELEASE_NAME>FCUBS_1203</RELEASE_NAME><FIELD_NAME>BASIS_AMT</FIELD_NAME><NOT_REQD_IN_UPLOAD_PKGS/><UPLD_TABLE_COLUMN/><MAX_DECIMALS></MAX_DECIMALS></RAD_FIELDS><RAD_FIELDS ID="DEPRECIATION_RATE"><COLUMN_NAME>DEPRECIATION_RATE</COLUMN_NAME><DATATYPE>NUMBER</DATATYPE><MAX_LENGTH>22</MAX_LENGTH><BLOCK_NAME>BLK_TKF</BLOCK_NAME><RELEASE_TYPE>CUSTOM</RELEASE_TYPE><RELEASE_NAME>FCUBS_1203</RELEASE_NAME><FIELD_NAME>DEP_RATE</FIELD_NAME><NOT_REQD_IN_UPLOAD_PKGS/><UPLD_TABLE_COLUMN/><MAX_DECIMALS></MAX_DECIMALS></RAD_FIELDS><RAD_FIELDS ID="INSURANCE_RATE"><COLUMN_NAME>INSURANCE_RATE</COLUMN_NAME><DATATYPE>NUMBER</DATATYPE><MAX_LENGTH>22</MAX_LENGTH><BLOCK_NAME>BLK_TKF</BLOCK_NAME><RELEASE_TYPE>CUSTOM</RELEASE_TYPE><RELEASE_NAME>FCUBS_1203</RELEASE_NAME><FIELD_NAME>INSR_RATE</FIELD_NAME><NOT_REQD_IN_UPLOAD_PKGS/><UPLD_TABLE_COLUMN/><MAX_DECIMALS></MAX_DECIMALS></RAD_FIELDS><RAD_FIELDS ID="PREMIUM_AMOUNT"><COLUMN_NAME>PREMIUM_AMOUNT</COLUMN_NAME><DATATYPE>NUMBER</DATATYPE><MAX_LENGTH>22</MAX_LENGTH><BLOCK_NAME>BLK_TKF</BLOCK_NAME><RELEASE_TYPE>CUSTOM</RELEASE_TYPE><RELEASE_NAME>FCUBS_1203</RELEASE_NAME><FIELD_NAME>PREM_AMT</FIELD_NAME><NOT_REQD_IN_UPLOAD_PKGS/><UPLD_TABLE_COLUMN/><MAX_DECIMALS></MAX_DECIMALS></RAD_FIELDS><RAD_FIELDS ID="POLICY_NUMBER"><COLUMN_NAME>POLICY_NUMBER</COLUMN_NAME><DATATYPE>VARCHAR2</DATATYPE><MAX_LENGTH>30</MAX_LENGTH><BLOCK_NAME>BLK_TKF</BLOCK_NAME><RELEASE_TYPE>CUSTOM</RELEASE_TYPE><RELEASE_NAME>FCUBS_1203</RELEASE_NAME><FIELD_NAME>POL_NUM</FIELD_NAME><NOT_REQD_IN_UPLOAD_PKGS/><UPLD_TABLE_COLUMN/><MAX_DECIMALS></MAX_DECIMALS></RAD_FIELDS><RAD_FIELDS ID="EXPIRY_DATE"><COLUMN_NAME>EXPIRY_DATE</COLUMN_NAME><DATATYPE>DATE</DATATYPE><MAX_LENGTH>7</MAX_LENGTH><BLOCK_NAME>BLK_TKF</BLOCK_NAME><RELEASE_TYPE>CUSTOM</RELEASE_TYPE><RELEASE_NAME>FCUBS_1203</RELEASE_NAME><FIELD_NAME>EXP_DT</FIELD_NAME><NOT_REQD_IN_UPLOAD_PKGS/><UPLD_TABLE_COLUMN/><MAX_DECIMALS></MAX_DECIMALS></RAD_FIELDS><RAD_FIELDS ID="ACCOUNT_NUMBER"><COLUMN_NAME>ACCOUNT_NUMBER</COLUMN_NAME><DATATYPE>VARCHAR2</DATATYPE><MAX_LENGTH>16</MAX_LENGTH><BLOCK_NAME></BLOCK_NAME><RELEASE_TYPE>CUSTOM</RELEASE_TYPE><RELEASE_NAME>FCUBS_1203</RELEASE_NAME><FIELD_NAME></FIELD_NAME><NOT_REQD_IN_UPLOAD_PKGS>N</NOT_REQD_IN_UPLOAD_PKGS><UPLD_TABLE_COLUMN></UPLD_TABLE_COLUMN><MAX_DECIMALS></MAX_DECIMALS></RAD_FIELDS></RAD_DATASOURCES><RAD_SCREENS ID="CVS_MAIN"><SCREEN_NAME>CVS_MAIN</SCREEN_NAME><SCREEN_TITLE>Islamic Takaful Details</SCREEN_TITLE><SCREEN_POSITION>TEMPLATE</SCREEN_POSITION><EXIT_BUTTON_TYPE>2</EXIT_BUTTON_TYPE><MAIN_SCREEN>Y</MAIN_SCREEN><SCREEN_SIZE>MEDIUM</SCREEN_SIZE><RELEASE_TYPE>CUSTOM</RELEASE_TYPE><RELEASE_NAME>FCUBS_1203</RELEASE_NAME><SCREEN_VISIBLE>Y</SCREEN_VISIBLE><HEADER ID="HEADER"><TAB_VISIBLE>Y</TAB_VISIBLE><DEPENDENT_ON></DEPENDENT_ON><RELEASE_TYPE>CUSTOM</RELEASE_TYPE><RELEASE_NAME>BASE_RELEASE</RELEASE_NAME><TAB_TYPE>SERVICE</TAB_TYPE><TAB_LABEL></TAB_LABEL><TAB_NAME></TAB_NAME><SCREEN_NAME></SCREEN_NAME><RAD_TABS ID="TAB_HEADER"><TAB_NAME>TAB_HEADER</TAB_NAME><SCREEN_NAME>CVS_MAIN</SCREEN_NAME><TAB_LABEL/><RELEASE_TYPE>CUSTOM</RELEASE_TYPE><RELEASE_NAME>FCUBS_1203</RELEASE_NAME><DEPENDENT_ON/><TAB_TYPE/><TAB_VISIBLE>Y</TAB_VISIBLE><TAB_ORDER>1</TAB_ORDER></RAD_TABS></HEADER><BODY ID="BODY"><TAB_VISIBLE>Y</TAB_VISIBLE><DEPENDENT_ON></DEPENDENT_ON><RELEASE_TYPE>CUSTOM</RELEASE_TYPE><RELEASE_NAME>FCUBS_1203</RELEASE_NAME><TAB_TYPE></TAB_TYPE><TAB_LABEL>Account Details</TAB_LABEL><TAB_NAME>TAB_MAIN</TAB_NAME><SCREEN_NAME>CVS_MAIN</SCREEN_NAME><RAD_TABS ID="TAB_MAIN"><TAB_NAME>TAB_MAIN</TAB_NAME><SCREEN_NAME>CVS_MAIN</SCREEN_NAME><TAB_LABEL></TAB_LABEL><RELEASE_TYPE>CUSTOM</RELEASE_TYPE><RELEASE_NAME>FCUBS_1203</RELEASE_NAME><DEPENDENT_ON></DEPENDENT_ON><TAB_TYPE></TAB_TYPE><TAB_VISIBLE>Y</TAB_VISIBLE><TAB_ORDER>1</TAB_ORDER><RAD_SECTIONS ID="SEC_1"><SECTION_ID></SECTION_ID><DEPENDENT_ON></DEPENDENT_ON><SECTION_NAME>SEC_1</SECTION_NAME><SCREEN_PORTION>BODY</SCREEN_PORTION><TAB_NAME>TAB_MAIN</TAB_NAME><RELEASE_TYPE>CUSTOM</RELEASE_TYPE><RELEASE_NAME>FCUBS_1203</RELEASE_NAME><SEC_VISIBLE>Y</SEC_VISIBLE><SEC_ORDER>1</SEC_ORDER><COLLAPSE>N</COLLAPSE><SECTION_LBL></SECTION_LBL><RAD_PARTITIONS ID="1"><PARTITION_SL_NO>1</PARTITION_SL_NO><PARTITION_NAME>ACCOUNT DETAILS</PARTITION_NAME><PARTITION_WIDTH>33</PARTITION_WIDTH><NO_OF_SUBPARTITIONS></NO_OF_SUBPARTITIONS><RELEASE_TYPE>CUSTOM</RELEASE_TYPE><RELEASE_NAME>FCUBS_1203</RELEASE_NAME></RAD_PARTITIONS><RAD_PARTITIONS ID="2"><PARTITION_SL_NO>2</PARTITION_SL_NO><PARTITION_NAME>TAKAFUL DETAILS</PARTITION_NAME><PARTITION_WIDTH>66</PARTITION_WIDTH><NO_OF_SUBPARTITIONS></NO_OF_SUBPARTITIONS><RELEASE_TYPE>CUSTOM</RELEASE_TYPE><RELEASE_NAME>FCUBS_1203</RELEASE_NAME></RAD_PARTITIONS></RAD_SECTIONS></RAD_TABS></BODY><FOOTER ID="FOOTER"><TAB_VISIBLE>Y</TAB_VISIBLE><DEPENDENT_ON></DEPENDENT_ON><RELEASE_TYPE>CUSTOM</RELEASE_TYPE><RELEASE_NAME>FCUBS_1203</RELEASE_NAME><TAB_TYPE></TAB_TYPE><TAB_LABEL>Account Details</TAB_LABEL><TAB_NAME>TAB_MAIN</TAB_NAME><SCREEN_NAME>CVS_MAIN</SCREEN_NAME><RAD_TABS ID="TAB_FOOTER"><TAB_NAME>TAB_FOOTER</TAB_NAME><SCREEN_NAME>CVS_MAIN</SCREEN_NAME><TAB_LABEL/><RELEASE_TYPE>CUSTOM</RELEASE_TYPE><RELEASE_NAME>FCUBS_1203</RELEASE_NAME><DEPENDENT_ON/><TAB_TYPE/><TAB_VISIBLE>Y</TAB_VISIBLE><TAB_ORDER>1</TAB_ORDER></RAD_TABS></FOOTER></RAD_SCREENS><RAD_DATA_BLOCKS ID="BLK_ACC"><BLOCK_NAME>BLK_ACC</BLOCK_NAME><BLOCK_TITLE>Account</BLOCK_TITLE><MASTER_BLOCK>Y</MASTER_BLOCK><VIEW_TYPE/><MULTI_RECORD>N</MULTI_RECORD><BLOCK_PARENT></BLOCK_PARENT><XSD_NODE>Acc</XSD_NODE><RELATION_TYPE>1</RELATION_TYPE><ROWS_PER_PAGE/><BLOCK_TYPE>NORMAL</BLOCK_TYPE><RELEASE_TYPE>CUSTOM</RELEASE_TYPE><RELEASE_NAME>FCUBS_1203</RELEASE_NAME><NEW_ALLOWED_IN/><DELETE_ALLOWED_IN/><ALL_RECORDS/><MANDATORY_IN/><BLK_PK_FLD></BLK_PK_FLD><DATA_BLK_ORDER>1</DATA_BLK_ORDER><BLK_ANNOTATION></BLK_ANNOTATION><RAD_BLK_FIELDS ID="ACC"><BLOCK_PK_FLD>N</BLOCK_PK_FLD><FIELD_NAME>ACC</FIELD_NAME><FIELD_SIZE></FIELD_SIZE><DATATYPE>VARCHAR2</DATATYPE><MAX_LENGTH>35</MAX_LENGTH><REQUIRED>N</REQUIRED><DISPLAY_TYPE>TEXT</DISPLAY_TYPE><CLASSID></CLASSID><LABEL_CODE>Account Number</LABEL_CODE><DEFAULT_VALUE></DEFAULT_VALUE><RELATED_BLOCK></RELATED_BLOCK><RELATED_FIELD></RELATED_FIELD><PARENT_FIELD></PARENT_FIELD><LOV_NAME>LOV_ACC</LOV_NAME><GLOBAL_LOV_NAME></GLOBAL_LOV_NAME><OFF_LINE_LOV_NAME></OFF_LINE_LOV_NAME><GLOBAL_OFF_LINE_LOV_NAME></GLOBAL_OFF_LINE_LOV_NAME><POPEDIT_REQUIRED>N</POPEDIT_REQUIRED><INPUT_ONLY_BY_LOV>N</INPUT_ONLY_BY_LOV><XSD_TAG>ACC</XSD_TAG><FLD_ANNOTATION></FLD_ANNOTATION><DBT>CLTB_ACCOUNT_APPS_MASTER</DBT><DBC>ACCOUNT_NUMBER</DBC><FIELDSET_NAME>FST_ACC</FIELDSET_NAME><READ_ONLY>N</READ_ONLY><CALENDAR_TEXT>N</CALENDAR_TEXT><SUBSYSTEM_DEPENDANT>N</SUBSYSTEM_DEPENDANT><MIN_VAL></MIN_VAL><MAX_VAL></MAX_VAL><MAX_DECIMALS></MAX_DECIMALS><CHECKED>N</CHECKED><TXTAREA_ROWS></TXTAREA_ROWS><ITEM_TYPE>DBITEM</ITEM_TYPE><VISIBLE>Y</VISIBLE><CHK_UPPERCASE>N</CHK_UPPERCASE><TXTAREA_COLS></TXTAREA_COLS><AMENDABLE_IN></AMENDABLE_IN><RELEASE_TYPE>CUSTOM</RELEASE_TYPE><RELEASE_NAME>FCUBS_1203</RELEASE_NAME><NOT_REQD_IN_XSD>N</NOT_REQD_IN_XSD><LOV_VAL_REQ>Y</LOV_VAL_REQ><PREVIEW_VALUE></PREVIEW_VALUE><MASK_ID></MASK_ID><BLK_FIELD_ORDER>1</BLK_FIELD_ORDER><REPORT_PARAMETER>N</REPORT_PARAMETER><XSD_ANNOTATION/><FORMAT_REQD>N</FORMAT_REQD><HOTKEYREQ>N</HOTKEYREQ><FOCUSREQ>N</FOCUSREQ><EXACT_FETCH>N</EXACT_FETCH><RAD_RETURN_FIELDS ID="ACCOUNT_NUMBER"><QUERY_COLUMN>ACCOUNT_NUMBER</QUERY_COLUMN><RETURN_BLK_NAME>BLK_ACC</RETURN_BLK_NAME><RETURN_FLD_NAME>ACC</RETURN_FLD_NAME></RAD_RETURN_FIELDS></RAD_BLK_FIELDS><BLK_DATASOURCES ID="CLTB_ACCOUNT_APPS_MASTER"><DATASOURCE_NAME>CLTB_ACCOUNT_APPS_MASTER</DATASOURCE_NAME></BLK_DATASOURCES><RAD_BLK_FIELDS ID="BRN"><BLOCK_PK_FLD>N</BLOCK_PK_FLD><FIELD_NAME>BRN</FIELD_NAME><FIELD_SIZE></FIELD_SIZE><DATATYPE>VARCHAR2</DATATYPE><MAX_LENGTH>35</MAX_LENGTH><REQUIRED>N</REQUIRED><DISPLAY_TYPE>TEXT</DISPLAY_TYPE><CLASSID></CLASSID><LABEL_CODE>Branch code</LABEL_CODE><DEFAULT_VALUE></DEFAULT_VALUE><RELATED_BLOCK></RELATED_BLOCK><RELATED_FIELD></RELATED_FIELD><PARENT_FIELD></PARENT_FIELD><LOV_NAME>LOV_BRN</LOV_NAME><GLOBAL_LOV_NAME></GLOBAL_LOV_NAME><OFF_LINE_LOV_NAME></OFF_LINE_LOV_NAME><GLOBAL_OFF_LINE_LOV_NAME></GLOBAL_OFF_LINE_LOV_NAME><POPEDIT_REQUIRED>N</POPEDIT_REQUIRED><INPUT_ONLY_BY_LOV>N</INPUT_ONLY_BY_LOV><XSD_TAG>BRN</XSD_TAG><FLD_ANNOTATION></FLD_ANNOTATION><DBT>CLTB_ACCOUNT_APPS_MASTER</DBT><DBC>BRANCH_CODE</DBC><FIELDSET_NAME>FST_ACC</FIELDSET_NAME><READ_ONLY>N</READ_ONLY><CALENDAR_TEXT>N</CALENDAR_TEXT><SUBSYSTEM_DEPENDANT>N</SUBSYSTEM_DEPENDANT><MIN_VAL></MIN_VAL><MAX_VAL></MAX_VAL><MAX_DECIMALS></MAX_DECIMALS><CHECKED>N</CHECKED><TXTAREA_ROWS></TXTAREA_ROWS><ITEM_TYPE>DBITEM</ITEM_TYPE><VISIBLE>Y</VISIBLE><CHK_UPPERCASE>N</CHK_UPPERCASE><TXTAREA_COLS></TXTAREA_COLS><AMENDABLE_IN/><RELEASE_TYPE>CUSTOM</RELEASE_TYPE><RELEASE_NAME>FCUBS_1203</RELEASE_NAME><NOT_REQD_IN_XSD>N</NOT_REQD_IN_XSD><LOV_VAL_REQ>Y</LOV_VAL_REQ><PREVIEW_VALUE></PREVIEW_VALUE><MASK_ID></MASK_ID><BLK_FIELD_ORDER>2</BLK_FIELD_ORDER><REPORT_PARAMETER>N</REPORT_PARAMETER><XSD_ANNOTATION/><FORMAT_REQD>N</FORMAT_REQD><HOTKEYREQ>N</HOTKEYREQ><FOCUSREQ>N</FOCUSREQ><EXACT_FETCH>N</EXACT_FETCH><RAD_RETURN_FIELDS ID="BRANCH_CODE"><QUERY_COLUMN>BRANCH_CODE</QUERY_COLUMN><RETURN_BLK_NAME>BLK_ACC</RETURN_BLK_NAME><RETURN_FLD_NAME>BRN</RETURN_FLD_NAME></RAD_RETURN_FIELDS></RAD_BLK_FIELDS></RAD_DATA_BLOCKS><RAD_DATA_BLOCKS ID="BLK_TKF"><BLOCK_NAME>BLK_TKF</BLOCK_NAME><BLOCK_TITLE>Takaful Schedules</BLOCK_TITLE><MASTER_BLOCK>N</MASTER_BLOCK><VIEW_TYPE/><MULTI_RECORD>Y</MULTI_RECORD><BLOCK_PARENT>BLK_ACC</BLOCK_PARENT><XSD_NODE>Tkf</XSD_NODE><RELATION_TYPE>N</RELATION_TYPE><ROWS_PER_PAGE/><BLOCK_TYPE>NORMAL</BLOCK_TYPE><RELEASE_TYPE>CUSTOM</RELEASE_TYPE><RELEASE_NAME>FCUBS_1203</RELEASE_NAME><NEW_ALLOWED_IN/><DELETE_ALLOWED_IN/><ALL_RECORDS/><MANDATORY_IN/><BLK_PK_FLD></BLK_PK_FLD><DATA_BLK_ORDER>2</DATA_BLK_ORDER><BLK_ANNOTATION></BLK_ANNOTATION><BLK_DATASOURCES ID="CLTB_ACCOUNT_INSURANCE"><DATASOURCE_NAME>CLTB_ACCOUNT_INSURANCE</DATASOURCE_NAME></BLK_DATASOURCES><RAD_BLK_FIELDS ID="YEARS"><BLOCK_PK_FLD>N</BLOCK_PK_FLD><FIELD_NAME>YEARS</FIELD_NAME><FIELD_SIZE></FIELD_SIZE><DATATYPE>NUMBER</DATATYPE><MAX_LENGTH>22</MAX_LENGTH><REQUIRED>N</REQUIRED><DISPLAY_TYPE>TEXT</DISPLAY_TYPE><CLASSID></CLASSID><LABEL_CODE>Years</LABEL_CODE><DEFAULT_VALUE></DEFAULT_VALUE><RELATED_BLOCK></RELATED_BLOCK><RELATED_FIELD></RELATED_FIELD><PARENT_FIELD></PARENT_FIELD><LOV_NAME></LOV_NAME><GLOBAL_LOV_NAME></GLOBAL_LOV_NAME><OFF_LINE_LOV_NAME></OFF_LINE_LOV_NAME><GLOBAL_OFF_LINE_LOV_NAME></GLOBAL_OFF_LINE_LOV_NAME><POPEDIT_REQUIRED>N</POPEDIT_REQUIRED><INPUT_ONLY_BY_LOV>N</INPUT_ONLY_BY_LOV><XSD_TAG>YEARS</XSD_TAG><FLD_ANNOTATION></FLD_ANNOTATION><DBT>CLTB_ACCOUNT_INSURANCE</DBT><DBC>YEARS</DBC><FIELDSET_NAME>FST_TKF</FIELDSET_NAME><READ_ONLY>N</READ_ONLY><CALENDAR_TEXT>N</CALENDAR_TEXT><SUBSYSTEM_DEPENDANT>N</SUBSYSTEM_DEPENDANT><MIN_VAL></MIN_VAL><MAX_VAL></MAX_VAL><MAX_DECIMALS></MAX_DECIMALS><CHECKED>N</CHECKED><TXTAREA_ROWS></TXTAREA_ROWS><ITEM_TYPE>DBITEM</ITEM_TYPE><VISIBLE>Y</VISIBLE><CHK_UPPERCASE>N</CHK_UPPERCASE><TXTAREA_COLS></TXTAREA_COLS><AMENDABLE_IN></AMENDABLE_IN><RELEASE_TYPE>CUSTOM</RELEASE_TYPE><RELEASE_NAME>FCUBS_1203</RELEASE_NAME><NOT_REQD_IN_XSD>N</NOT_REQD_IN_XSD><LOV_VAL_REQ>Y</LOV_VAL_REQ><PREVIEW_VALUE></PREVIEW_VALUE><MASK_ID></MASK_ID><BLK_FIELD_ORDER>1</BLK_FIELD_ORDER><REPORT_PARAMETER>N</REPORT_PARAMETER><XSD_ANNOTATION/><FORMAT_REQD>N</FORMAT_REQD><HOTKEYREQ>N</HOTKEYREQ><FOCUSREQ>N</FOCUSREQ><EXACT_FETCH>N</EXACT_FETCH></RAD_BLK_FIELDS><RAD_BLK_FIELDS ID="EFF_DT"><BLOCK_PK_FLD>N</BLOCK_PK_FLD><FIELD_NAME>EFF_DT</FIELD_NAME><FIELD_SIZE></FIELD_SIZE><DATATYPE>DATE</DATATYPE><MAX_LENGTH>7</MAX_LENGTH><REQUIRED>N</REQUIRED><DISPLAY_TYPE>DATE</DISPLAY_TYPE><CLASSID></CLASSID><LABEL_CODE>Effective Date</LABEL_CODE><DEFAULT_VALUE></DEFAULT_VALUE><RELATED_BLOCK></RELATED_BLOCK><RELATED_FIELD></RELATED_FIELD><PARENT_FIELD></PARENT_FIELD><LOV_NAME></LOV_NAME><GLOBAL_LOV_NAME></GLOBAL_LOV_NAME><OFF_LINE_LOV_NAME></OFF_LINE_LOV_NAME><GLOBAL_OFF_LINE_LOV_NAME></GLOBAL_OFF_LINE_LOV_NAME><POPEDIT_REQUIRED>N</POPEDIT_REQUIRED><INPUT_ONLY_BY_LOV>N</INPUT_ONLY_BY_LOV><XSD_TAG>EFF_DT</XSD_TAG><FLD_ANNOTATION></FLD_ANNOTATION><DBT>CLTB_ACCOUNT_INSURANCE</DBT><DBC>EFFECTIVE_DATE</DBC><FIELDSET_NAME>FST_TKF</FIELDSET_NAME><READ_ONLY>N</READ_ONLY><CALENDAR_TEXT>N</CALENDAR_TEXT><SUBSYSTEM_DEPENDANT>N</SUBSYSTEM_DEPENDANT><MIN_VAL></MIN_VAL><MAX_VAL></MAX_VAL><MAX_DECIMALS></MAX_DECIMALS><CHECKED>N</CHECKED><TXTAREA_ROWS></TXTAREA_ROWS><ITEM_TYPE>DBITEM</ITEM_TYPE><VISIBLE>Y</VISIBLE><CHK_UPPERCASE>N</CHK_UPPERCASE><TXTAREA_COLS></TXTAREA_COLS><AMENDABLE_IN>MODIFY</AMENDABLE_IN><RELEASE_TYPE>CUSTOM</RELEASE_TYPE><RELEASE_NAME>FCUBS_1203</RELEASE_NAME><NOT_REQD_IN_XSD>N</NOT_REQD_IN_XSD><LOV_VAL_REQ>Y</LOV_VAL_REQ><PREVIEW_VALUE></PREVIEW_VALUE><MASK_ID></MASK_ID><BLK_FIELD_ORDER>2</BLK_FIELD_ORDER><REPORT_PARAMETER>N</REPORT_PARAMETER><XSD_ANNOTATION/><FORMAT_REQD>N</FORMAT_REQD><HOTKEYREQ>N</HOTKEYREQ><FOCUSREQ>N</FOCUSREQ><EXACT_FETCH>N</EXACT_FETCH></RAD_BLK_FIELDS><RAD_BLK_FIELDS ID="BASIS_AMT"><BLOCK_PK_FLD>N</BLOCK_PK_FLD><FIELD_NAME>BASIS_AMT</FIELD_NAME><FIELD_SIZE></FIELD_SIZE><DATATYPE>NUMBER</DATATYPE><MAX_LENGTH>22</MAX_LENGTH><REQUIRED>N</REQUIRED><DISPLAY_TYPE>TEXT</DISPLAY_TYPE><CLASSID></CLASSID><LABEL_CODE>Basis Amount</LABEL_CODE><DEFAULT_VALUE></DEFAULT_VALUE><RELATED_BLOCK></RELATED_BLOCK><RELATED_FIELD></RELATED_FIELD><PARENT_FIELD></PARENT_FIELD><LOV_NAME></LOV_NAME><GLOBAL_LOV_NAME></GLOBAL_LOV_NAME><OFF_LINE_LOV_NAME></OFF_LINE_LOV_NAME><GLOBAL_OFF_LINE_LOV_NAME></GLOBAL_OFF_LINE_LOV_NAME><POPEDIT_REQUIRED>N</POPEDIT_REQUIRED><INPUT_ONLY_BY_LOV>N</INPUT_ONLY_BY_LOV><XSD_TAG>BASIS_AMT</XSD_TAG><FLD_ANNOTATION></FLD_ANNOTATION><DBT>CLTB_ACCOUNT_INSURANCE</DBT><DBC>BASIS_AMOUNT</DBC><FIELDSET_NAME>FST_TKF</FIELDSET_NAME><READ_ONLY>N</READ_ONLY><CALENDAR_TEXT>N</CALENDAR_TEXT><SUBSYSTEM_DEPENDANT>N</SUBSYSTEM_DEPENDANT><MIN_VAL></MIN_VAL><MAX_VAL></MAX_VAL><MAX_DECIMALS></MAX_DECIMALS><CHECKED>N</CHECKED><TXTAREA_ROWS></TXTAREA_ROWS><ITEM_TYPE>DBITEM</ITEM_TYPE><VISIBLE>Y</VISIBLE><CHK_UPPERCASE>N</CHK_UPPERCASE><TXTAREA_COLS></TXTAREA_COLS><AMENDABLE_IN></AMENDABLE_IN><RELEASE_TYPE>CUSTOM</RELEASE_TYPE><RELEASE_NAME>FCUBS_1203</RELEASE_NAME><NOT_REQD_IN_XSD>N</NOT_REQD_IN_XSD><LOV_VAL_REQ>Y</LOV_VAL_REQ><PREVIEW_VALUE></PREVIEW_VALUE><MASK_ID></MASK_ID><BLK_FIELD_ORDER>3</BLK_FIELD_ORDER><REPORT_PARAMETER>N</REPORT_PARAMETER><XSD_ANNOTATION/><FORMAT_REQD>N</FORMAT_REQD><HOTKEYREQ>N</HOTKEYREQ><FOCUSREQ>N</FOCUSREQ><EXACT_FETCH>N</EXACT_FETCH></RAD_BLK_FIELDS><RAD_BLK_FIELDS ID="DEP_RATE"><BLOCK_PK_FLD>N</BLOCK_PK_FLD><FIELD_NAME>DEP_RATE</FIELD_NAME><FIELD_SIZE></FIELD_SIZE><DATATYPE>NUMBER</DATATYPE><MAX_LENGTH>22</MAX_LENGTH><REQUIRED>N</REQUIRED><DISPLAY_TYPE>TEXT</DISPLAY_TYPE><CLASSID></CLASSID><LABEL_CODE>Depreciation Rate</LABEL_CODE><DEFAULT_VALUE></DEFAULT_VALUE><RELATED_BLOCK></RELATED_BLOCK><RELATED_FIELD></RELATED_FIELD><PARENT_FIELD></PARENT_FIELD><LOV_NAME></LOV_NAME><GLOBAL_LOV_NAME></GLOBAL_LOV_NAME><OFF_LINE_LOV_NAME></OFF_LINE_LOV_NAME><GLOBAL_OFF_LINE_LOV_NAME></GLOBAL_OFF_LINE_LOV_NAME><POPEDIT_REQUIRED>N</POPEDIT_REQUIRED><INPUT_ONLY_BY_LOV>N</INPUT_ONLY_BY_LOV><XSD_TAG>DEP_RATE</XSD_TAG><FLD_ANNOTATION></FLD_ANNOTATION><DBT>CLTB_ACCOUNT_INSURANCE</DBT><DBC>DEPRECIATION_RATE</DBC><FIELDSET_NAME>FST_TKF</FIELDSET_NAME><READ_ONLY>N</READ_ONLY><CALENDAR_TEXT>N</CALENDAR_TEXT><SUBSYSTEM_DEPENDANT>N</SUBSYSTEM_DEPENDANT><MIN_VAL></MIN_VAL><MAX_VAL></MAX_VAL><MAX_DECIMALS></MAX_DECIMALS><CHECKED>N</CHECKED><TXTAREA_ROWS></TXTAREA_ROWS><ITEM_TYPE>DBITEM</ITEM_TYPE><VISIBLE>Y</VISIBLE><CHK_UPPERCASE>N</CHK_UPPERCASE><TXTAREA_COLS></TXTAREA_COLS><AMENDABLE_IN></AMENDABLE_IN><RELEASE_TYPE>CUSTOM</RELEASE_TYPE><RELEASE_NAME>FCUBS_1203</RELEASE_NAME><NOT_REQD_IN_XSD>N</NOT_REQD_IN_XSD><LOV_VAL_REQ>Y</LOV_VAL_REQ><PREVIEW_VALUE></PREVIEW_VALUE><MASK_ID></MASK_ID><BLK_FIELD_ORDER>4</BLK_FIELD_ORDER><REPORT_PARAMETER>N</REPORT_PARAMETER><XSD_ANNOTATION/><FORMAT_REQD>N</FORMAT_REQD><HOTKEYREQ>N</HOTKEYREQ><FOCUSREQ>N</FOCUSREQ><EXACT_FETCH>N</EXACT_FETCH></RAD_BLK_FIELDS><RAD_BLK_FIELDS ID="INSR_RATE"><BLOCK_PK_FLD>N</BLOCK_PK_FLD><FIELD_NAME>INSR_RATE</FIELD_NAME><FIELD_SIZE></FIELD_SIZE><DATATYPE>NUMBER</DATATYPE><MAX_LENGTH>22</MAX_LENGTH><REQUIRED>N</REQUIRED><DISPLAY_TYPE>TEXT</DISPLAY_TYPE><CLASSID></CLASSID><LABEL_CODE>Insurance Rate</LABEL_CODE><DEFAULT_VALUE></DEFAULT_VALUE><RELATED_BLOCK></RELATED_BLOCK><RELATED_FIELD></RELATED_FIELD><PARENT_FIELD></PARENT_FIELD><LOV_NAME></LOV_NAME><GLOBAL_LOV_NAME></GLOBAL_LOV_NAME><OFF_LINE_LOV_NAME></OFF_LINE_LOV_NAME><GLOBAL_OFF_LINE_LOV_NAME></GLOBAL_OFF_LINE_LOV_NAME><POPEDIT_REQUIRED>N</POPEDIT_REQUIRED><INPUT_ONLY_BY_LOV>N</INPUT_ONLY_BY_LOV><XSD_TAG>INSR_RATE</XSD_TAG><FLD_ANNOTATION></FLD_ANNOTATION><DBT>CLTB_ACCOUNT_INSURANCE</DBT><DBC>INSURANCE_RATE</DBC><FIELDSET_NAME>FST_TKF</FIELDSET_NAME><READ_ONLY>N</READ_ONLY><CALENDAR_TEXT>N</CALENDAR_TEXT><SUBSYSTEM_DEPENDANT>N</SUBSYSTEM_DEPENDANT><MIN_VAL></MIN_VAL><MAX_VAL></MAX_VAL><MAX_DECIMALS></MAX_DECIMALS><CHECKED>N</CHECKED><TXTAREA_ROWS></TXTAREA_ROWS><ITEM_TYPE>DBITEM</ITEM_TYPE><VISIBLE>Y</VISIBLE><CHK_UPPERCASE>N</CHK_UPPERCASE><TXTAREA_COLS></TXTAREA_COLS><AMENDABLE_IN></AMENDABLE_IN><RELEASE_TYPE>CUSTOM</RELEASE_TYPE><RELEASE_NAME>FCUBS_1203</RELEASE_NAME><NOT_REQD_IN_XSD>N</NOT_REQD_IN_XSD><LOV_VAL_REQ>Y</LOV_VAL_REQ><PREVIEW_VALUE></PREVIEW_VALUE><MASK_ID></MASK_ID><BLK_FIELD_ORDER>5</BLK_FIELD_ORDER><REPORT_PARAMETER>N</REPORT_PARAMETER><XSD_ANNOTATION/><FORMAT_REQD>N</FORMAT_REQD><HOTKEYREQ>N</HOTKEYREQ><FOCUSREQ>N</FOCUSREQ><EXACT_FETCH>N</EXACT_FETCH></RAD_BLK_FIELDS><RAD_BLK_FIELDS ID="PREM_AMT"><BLOCK_PK_FLD>N</BLOCK_PK_FLD><FIELD_NAME>PREM_AMT</FIELD_NAME><FIELD_SIZE></FIELD_SIZE><DATATYPE>NUMBER</DATATYPE><MAX_LENGTH>22</MAX_LENGTH><REQUIRED>N</REQUIRED><DISPLAY_TYPE>TEXT</DISPLAY_TYPE><CLASSID></CLASSID><LABEL_CODE>Premium Amount</LABEL_CODE><DEFAULT_VALUE></DEFAULT_VALUE><RELATED_BLOCK></RELATED_BLOCK><RELATED_FIELD></RELATED_FIELD><PARENT_FIELD></PARENT_FIELD><LOV_NAME></LOV_NAME><GLOBAL_LOV_NAME></GLOBAL_LOV_NAME><OFF_LINE_LOV_NAME></OFF_LINE_LOV_NAME><GLOBAL_OFF_LINE_LOV_NAME></GLOBAL_OFF_LINE_LOV_NAME><POPEDIT_REQUIRED>N</POPEDIT_REQUIRED><INPUT_ONLY_BY_LOV>N</INPUT_ONLY_BY_LOV><XSD_TAG>PREM_AMT</XSD_TAG><FLD_ANNOTATION></FLD_ANNOTATION><DBT>CLTB_ACCOUNT_INSURANCE</DBT><DBC>PREMIUM_AMOUNT</DBC><FIELDSET_NAME>FST_TKF</FIELDSET_NAME><READ_ONLY>N</READ_ONLY><CALENDAR_TEXT>N</CALENDAR_TEXT><SUBSYSTEM_DEPENDANT>N</SUBSYSTEM_DEPENDANT><MIN_VAL></MIN_VAL><MAX_VAL></MAX_VAL><MAX_DECIMALS></MAX_DECIMALS><CHECKED>N</CHECKED><TXTAREA_ROWS></TXTAREA_ROWS><ITEM_TYPE>DBITEM</ITEM_TYPE><VISIBLE>Y</VISIBLE><CHK_UPPERCASE>N</CHK_UPPERCASE><TXTAREA_COLS></TXTAREA_COLS><AMENDABLE_IN></AMENDABLE_IN><RELEASE_TYPE>CUSTOM</RELEASE_TYPE><RELEASE_NAME>FCUBS_1203</RELEASE_NAME><NOT_REQD_IN_XSD>N</NOT_REQD_IN_XSD><LOV_VAL_REQ>Y</LOV_VAL_REQ><PREVIEW_VALUE></PREVIEW_VALUE><MASK_ID></MASK_ID><BLK_FIELD_ORDER>6</BLK_FIELD_ORDER><REPORT_PARAMETER>N</REPORT_PARAMETER><XSD_ANNOTATION/><FORMAT_REQD>N</FORMAT_REQD><HOTKEYREQ>N</HOTKEYREQ><FOCUSREQ>N</FOCUSREQ><EXACT_FETCH>N</EXACT_FETCH></RAD_BLK_FIELDS><RAD_BLK_FIELDS ID="POL_NUM"><BLOCK_PK_FLD>N</BLOCK_PK_FLD><FIELD_NAME>POL_NUM</FIELD_NAME><FIELD_SIZE></FIELD_SIZE><DATATYPE>VARCHAR2</DATATYPE><MAX_LENGTH>30</MAX_LENGTH><REQUIRED>N</REQUIRED><DISPLAY_TYPE>TEXT</DISPLAY_TYPE><CLASSID></CLASSID><LABEL_CODE>Policy Number</LABEL_CODE><DEFAULT_VALUE></DEFAULT_VALUE><RELATED_BLOCK></RELATED_BLOCK><RELATED_FIELD></RELATED_FIELD><PARENT_FIELD></PARENT_FIELD><LOV_NAME></LOV_NAME><GLOBAL_LOV_NAME></GLOBAL_LOV_NAME><OFF_LINE_LOV_NAME></OFF_LINE_LOV_NAME><GLOBAL_OFF_LINE_LOV_NAME></GLOBAL_OFF_LINE_LOV_NAME><POPEDIT_REQUIRED>N</POPEDIT_REQUIRED><INPUT_ONLY_BY_LOV>N</INPUT_ONLY_BY_LOV><XSD_TAG>POL_NUM</XSD_TAG><FLD_ANNOTATION></FLD_ANNOTATION><DBT>CLTB_ACCOUNT_INSURANCE</DBT><DBC>POLICY_NUMBER</DBC><FIELDSET_NAME>FST_TKF</FIELDSET_NAME><READ_ONLY>N</READ_ONLY><CALENDAR_TEXT>N</CALENDAR_TEXT><SUBSYSTEM_DEPENDANT>N</SUBSYSTEM_DEPENDANT><MIN_VAL></MIN_VAL><MAX_VAL></MAX_VAL><MAX_DECIMALS></MAX_DECIMALS><CHECKED>N</CHECKED><TXTAREA_ROWS></TXTAREA_ROWS><ITEM_TYPE>DBITEM</ITEM_TYPE><VISIBLE>Y</VISIBLE><CHK_UPPERCASE>N</CHK_UPPERCASE><TXTAREA_COLS></TXTAREA_COLS><AMENDABLE_IN></AMENDABLE_IN><RELEASE_TYPE>CUSTOM</RELEASE_TYPE><RELEASE_NAME>FCUBS_1203</RELEASE_NAME><NOT_REQD_IN_XSD>N</NOT_REQD_IN_XSD><LOV_VAL_REQ>Y</LOV_VAL_REQ><PREVIEW_VALUE></PREVIEW_VALUE><MASK_ID></MASK_ID><BLK_FIELD_ORDER>7</BLK_FIELD_ORDER><REPORT_PARAMETER>N</REPORT_PARAMETER><XSD_ANNOTATION/><FORMAT_REQD>N</FORMAT_REQD><HOTKEYREQ>N</HOTKEYREQ><FOCUSREQ>N</FOCUSREQ><EXACT_FETCH>N</EXACT_FETCH></RAD_BLK_FIELDS><RAD_BLK_FIELDS ID="EXP_DT"><BLOCK_PK_FLD>N</BLOCK_PK_FLD><FIELD_NAME>EXP_DT</FIELD_NAME><FIELD_SIZE></FIELD_SIZE><DATATYPE>DATE</DATATYPE><MAX_LENGTH>7</MAX_LENGTH><REQUIRED>N</REQUIRED><DISPLAY_TYPE>DATE</DISPLAY_TYPE><CLASSID></CLASSID><LABEL_CODE>Expiry Date</LABEL_CODE><DEFAULT_VALUE></DEFAULT_VALUE><RELATED_BLOCK></RELATED_BLOCK><RELATED_FIELD></RELATED_FIELD><PARENT_FIELD></PARENT_FIELD><LOV_NAME></LOV_NAME><GLOBAL_LOV_NAME></GLOBAL_LOV_NAME><OFF_LINE_LOV_NAME></OFF_LINE_LOV_NAME><GLOBAL_OFF_LINE_LOV_NAME></GLOBAL_OFF_LINE_LOV_NAME><POPEDIT_REQUIRED>N</POPEDIT_REQUIRED><INPUT_ONLY_BY_LOV>N</INPUT_ONLY_BY_LOV><XSD_TAG>EXP_DT</XSD_TAG><FLD_ANNOTATION></FLD_ANNOTATION><DBT>CLTB_ACCOUNT_INSURANCE</DBT><DBC>EXPIRY_DATE</DBC><FIELDSET_NAME>FST_TKF</FIELDSET_NAME><READ_ONLY>N</READ_ONLY><CALENDAR_TEXT>N</CALENDAR_TEXT><SUBSYSTEM_DEPENDANT>N</SUBSYSTEM_DEPENDANT><MIN_VAL></MIN_VAL><MAX_VAL></MAX_VAL><MAX_DECIMALS></MAX_DECIMALS><CHECKED>N</CHECKED><TXTAREA_ROWS></TXTAREA_ROWS><ITEM_TYPE>DBITEM</ITEM_TYPE><VISIBLE>Y</VISIBLE><CHK_UPPERCASE>N</CHK_UPPERCASE><TXTAREA_COLS></TXTAREA_COLS><AMENDABLE_IN>MODIFY</AMENDABLE_IN><RELEASE_TYPE>CUSTOM</RELEASE_TYPE><RELEASE_NAME>FCUBS_1203</RELEASE_NAME><NOT_REQD_IN_XSD>N</NOT_REQD_IN_XSD><LOV_VAL_REQ>Y</LOV_VAL_REQ><PREVIEW_VALUE></PREVIEW_VALUE><MASK_ID></MASK_ID><BLK_FIELD_ORDER>8</BLK_FIELD_ORDER><REPORT_PARAMETER>N</REPORT_PARAMETER><XSD_ANNOTATION/><FORMAT_REQD>N</FORMAT_REQD><HOTKEYREQ>N</HOTKEYREQ><FOCUSREQ>N</FOCUSREQ><EXACT_FETCH>N</EXACT_FETCH></RAD_BLK_FIELDS></RAD_DATA_BLOCKS><RAD_FIELDSETS ID="FST_ACC"><FIELDSET_NAME>FST_ACC</FIELDSET_NAME><FIELDSET_SCREEN>CVS_MAIN</FIELDSET_SCREEN><FIELDSET_PORTION>BODY</FIELDSET_PORTION><FIELDSET_BLOCK>BLK_ACC</FIELDSET_BLOCK><FIELDSET_TAB>TAB_MAIN</FIELDSET_TAB><FIELDSET_SECTION>SEC_1</FIELDSET_SECTION><FIELDSET_PARTITION>ACCOUNT DETAILS</FIELDSET_PARTITION><VIEW_TYPE>SINGLE</VIEW_TYPE><HORIZONTAL_FIELDSET>N</HORIZONTAL_FIELDSET><MULTI_RECORD>Y</MULTI_RECORD><FIELDSET_LABEL>Account Details</FIELDSET_LABEL><NAV_BUTTONS_REQ>N</NAV_BUTTONS_REQ><FIELDSET_HEIGHT></FIELDSET_HEIGHT><FIELDSET_WIDTH></FIELDSET_WIDTH><RELEASE_TYPE>CUSTOM</RELEASE_TYPE><RELEASE_NAME>FCUBS_1203</RELEASE_NAME><ROWS_PER_PAGE></ROWS_PER_PAGE><FIELDSET_VISIBLE>Y</FIELDSET_VISIBLE><FIELDSET_ORDER>1</FIELDSET_ORDER><FIELDSET_READ_ONLY>N</FIELDSET_READ_ONLY><FIELDSET_FIELDS ID="ACC"><FIELD_NAME>ACC</FIELD_NAME><DBT/><SUBPARTITION_NAME></SUBPARTITION_NAME><RELEASE_TYPE>CUSTOM</RELEASE_TYPE><RELEASE_NAME>FCUBS_1203</RELEASE_NAME><ACTIVE>Y</ACTIVE><FIELD_ORDER>1</FIELD_ORDER></FIELDSET_FIELDS><FIELDSET_FIELDS ID="BRN"><FIELD_NAME>BRN</FIELD_NAME><DBT/><SUBPARTITION_NAME></SUBPARTITION_NAME><RELEASE_TYPE>CUSTOM</RELEASE_TYPE><RELEASE_NAME>FCUBS_1203</RELEASE_NAME><ACTIVE>Y</ACTIVE><FIELD_ORDER>2</FIELD_ORDER></FIELDSET_FIELDS></RAD_FIELDSETS><RAD_FIELDSETS ID="FST_TKF"><FIELDSET_NAME>FST_TKF</FIELDSET_NAME><FIELDSET_SCREEN>CVS_MAIN</FIELDSET_SCREEN><FIELDSET_PORTION>BODY</FIELDSET_PORTION><FIELDSET_BLOCK>BLK_TKF</FIELDSET_BLOCK><FIELDSET_TAB>TAB_MAIN</FIELDSET_TAB><FIELDSET_SECTION>SEC_1</FIELDSET_SECTION><FIELDSET_PARTITION>TAKAFUL DETAILS</FIELDSET_PARTITION><VIEW_TYPE>MULTIPLE</VIEW_TYPE><HORIZONTAL_FIELDSET>N</HORIZONTAL_FIELDSET><MULTI_RECORD>Y</MULTI_RECORD><FIELDSET_LABEL>Takaful Details</FIELDSET_LABEL><NAV_BUTTONS_REQ>N</NAV_BUTTONS_REQ><FIELDSET_HEIGHT></FIELDSET_HEIGHT><FIELDSET_WIDTH></FIELDSET_WIDTH><RELEASE_TYPE>CUSTOM</RELEASE_TYPE><RELEASE_NAME>FCUBS_1203</RELEASE_NAME><ROWS_PER_PAGE></ROWS_PER_PAGE><FIELDSET_VISIBLE>Y</FIELDSET_VISIBLE><FIELDSET_ORDER>2</FIELDSET_ORDER><FIELDSET_READ_ONLY>N</FIELDSET_READ_ONLY><FIELDSET_FIELDS ID="YEARS"><FIELD_NAME>YEARS</FIELD_NAME><DBT/><SUBPARTITION_NAME></SUBPARTITION_NAME><RELEASE_TYPE>CUSTOM</RELEASE_TYPE><RELEASE_NAME>FCUBS_1203</RELEASE_NAME><ACTIVE>Y</ACTIVE><FIELD_ORDER>1</FIELD_ORDER></FIELDSET_FIELDS><FIELDSET_FIELDS ID="EFF_DT"><FIELD_NAME>EFF_DT</FIELD_NAME><DBT/><SUBPARTITION_NAME></SUBPARTITION_NAME><RELEASE_TYPE>CUSTOM</RELEASE_TYPE><RELEASE_NAME>FCUBS_1203</RELEASE_NAME><ACTIVE>Y</ACTIVE><FIELD_ORDER>2</FIELD_ORDER></FIELDSET_FIELDS><FIELDSET_FIELDS ID="BASIS_AMT"><FIELD_NAME>BASIS_AMT</FIELD_NAME><DBT/><SUBPARTITION_NAME></SUBPARTITION_NAME><RELEASE_TYPE>CUSTOM</RELEASE_TYPE><RELEASE_NAME>FCUBS_1203</RELEASE_NAME><ACTIVE>Y</ACTIVE><FIELD_ORDER>3</FIELD_ORDER></FIELDSET_FIELDS><FIELDSET_FIELDS ID="DEP_RATE"><FIELD_NAME>DEP_RATE</FIELD_NAME><DBT/><SUBPARTITION_NAME></SUBPARTITION_NAME><RELEASE_TYPE>CUSTOM</RELEASE_TYPE><RELEASE_NAME>FCUBS_1203</RELEASE_NAME><ACTIVE>Y</ACTIVE><FIELD_ORDER>4</FIELD_ORDER></FIELDSET_FIELDS><FIELDSET_FIELDS ID="INSR_RATE"><FIELD_NAME>INSR_RATE</FIELD_NAME><DBT/><SUBPARTITION_NAME></SUBPARTITION_NAME><RELEASE_TYPE>CUSTOM</RELEASE_TYPE><RELEASE_NAME>FCUBS_1203</RELEASE_NAME><ACTIVE>Y</ACTIVE><FIELD_ORDER>5</FIELD_ORDER></FIELDSET_FIELDS><FIELDSET_FIELDS ID="PREM_AMT"><FIELD_NAME>PREM_AMT</FIELD_NAME><DBT/><SUBPARTITION_NAME></SUBPARTITION_NAME><RELEASE_TYPE>CUSTOM</RELEASE_TYPE><RELEASE_NAME>FCUBS_1203</RELEASE_NAME><ACTIVE>Y</ACTIVE><FIELD_ORDER>6</FIELD_ORDER></FIELDSET_FIELDS><FIELDSET_FIELDS ID="POL_NUM"><FIELD_NAME>POL_NUM</FIELD_NAME><DBT/><SUBPARTITION_NAME></SUBPARTITION_NAME><RELEASE_TYPE>CUSTOM</RELEASE_TYPE><RELEASE_NAME>FCUBS_1203</RELEASE_NAME><ACTIVE>Y</ACTIVE><FIELD_ORDER>7</FIELD_ORDER></FIELDSET_FIELDS><FIELDSET_FIELDS ID="EXP_DT"><FIELD_NAME>EXP_DT</FIELD_NAME><DBT/><SUBPARTITION_NAME></SUBPARTITION_NAME><RELEASE_TYPE>CUSTOM</RELEASE_TYPE><RELEASE_NAME>FCUBS_1203</RELEASE_NAME><ACTIVE>Y</ACTIVE><FIELD_ORDER>8</FIELD_ORDER></FIELDSET_FIELDS></RAD_FIELDSETS><RAD_LOVS ID="LOV_ACC"><LOV_NAME>LOV_ACC</LOV_NAME><LOV_QUERY>select account_number from CLTB_ACCOUNT_APPS_MASTER</LOV_QUERY><RELEASE_NAME>FCUBS_1203</RELEASE_NAME><RELEASE_TYPE>CUSTOM</RELEASE_TYPE><RAD_LOV_DETAILS ID="ACCOUNT_NUMBER"><QUERY_COLS>ACCOUNT_NUMBER</QUERY_COLS><DATATYPE>VARCHAR2</DATATYPE><VISIBLE>Y</VISIBLE><REDN_FLD_TYPE>TEXT</REDN_FLD_TYPE><COL_HEADING></COL_HEADING><REDN_FLD_FLAG>Y</REDN_FLD_FLAG><IS_INDEXED>N</IS_INDEXED><MIN_SEARCH_CHAR_LEN></MIN_SEARCH_CHAR_LEN></RAD_LOV_DETAILS></RAD_LOVS><RAD_LOVS ID="LOV_BRN"><LOV_NAME>LOV_BRN</LOV_NAME><LOV_QUERY>select branch_code from sttm_branch</LOV_QUERY><RELEASE_NAME>FCUBS_1203</RELEASE_NAME><RELEASE_TYPE>CUSTOM</RELEASE_TYPE><RAD_LOV_DETAILS ID="BRANCH_CODE"><QUERY_COLS>BRANCH_CODE</QUERY_COLS><DATATYPE>VARCHAR2</DATATYPE><VISIBLE>Y</VISIBLE><REDN_FLD_TYPE>TEXT</REDN_FLD_TYPE><COL_HEADING></COL_HEADING><REDN_FLD_FLAG>Y</REDN_FLD_FLAG><IS_INDEXED>N</IS_INDEXED><MIN_SEARCH_CHAR_LEN></MIN_SEARCH_CHAR_LEN></RAD_LOV_DETAILS></RAD_LOVS><RAD_ACTIONS><SERVICE_NAME></SERVICE_NAME><OPERATION_ID></OPERATION_ID><RAD_XSD_TYPE_NAME></RAD_XSD_TYPE_NAME><RAD_ACTION ID="QUERY"><ACTION_CODE>QUERY</ACTION_CODE><OPERATION_CODE></OPERATION_CODE><WEBSERVICE_APPLICABLE>N</WEBSERVICE_APPLICABLE><ACTION_STAGE_TYPE>2</ACTION_STAGE_TYPE></RAD_ACTION><RAD_ACTION ID="NEW"><ACTION_CODE>NEW</ACTION_CODE><OPERATION_CODE></OPERATION_CODE><WEBSERVICE_APPLICABLE>N</WEBSERVICE_APPLICABLE><ACTION_STAGE_TYPE>2</ACTION_STAGE_TYPE></RAD_ACTION><RAD_ACTION ID="MODIFY"><ACTION_CODE>MODIFY</ACTION_CODE><OPERATION_CODE></OPERATION_CODE><WEBSERVICE_APPLICABLE>N</WEBSERVICE_APPLICABLE><ACTION_STAGE_TYPE>2</ACTION_STAGE_TYPE></RAD_ACTION><RAD_ACTION ID="AUTHORIZE"><ACTION_CODE>AUTHORIZE</ACTION_CODE><OPERATION_CODE></OPERATION_CODE><WEBSERVICE_APPLICABLE>N</WEBSERVICE_APPLICABLE><ACTION_STAGE_TYPE>1</ACTION_STAGE_TYPE></RAD_ACTION><RAD_ACTION ID="DELETE"><ACTION_CODE>DELETE</ACTION_CODE><OPERATION_CODE></OPERATION_CODE><WEBSERVICE_APPLICABLE>N</WEBSERVICE_APPLICABLE><ACTION_STAGE_TYPE>1</ACTION_STAGE_TYPE></RAD_ACTION><RAD_ACTION ID="CLOSE"><ACTION_CODE>CLOSE</ACTION_CODE><OPERATION_CODE></OPERATION_CODE><WEBSERVICE_APPLICABLE>N</WEBSERVICE_APPLICABLE><ACTION_STAGE_TYPE>1</ACTION_STAGE_TYPE></RAD_ACTION><RAD_ACTION ID="REOPEN"><ACTION_CODE>REOPEN</ACTION_CODE><OPERATION_CODE></OPERATION_CODE><WEBSERVICE_APPLICABLE>N</WEBSERVICE_APPLICABLE><ACTION_STAGE_TYPE>1</ACTION_STAGE_TYPE></RAD_ACTION><RAD_ACTION ID="REVERSE"><ACTION_CODE>REVERSE</ACTION_CODE><OPERATION_CODE></OPERATION_CODE><WEBSERVICE_APPLICABLE>N</WEBSERVICE_APPLICABLE><ACTION_STAGE_TYPE>1</ACTION_STAGE_TYPE></RAD_ACTION><RAD_ACTION ID="ROLLOVER"><ACTION_CODE>ROLLOVER</ACTION_CODE><OPERATION_CODE></OPERATION_CODE><WEBSERVICE_APPLICABLE>N</WEBSERVICE_APPLICABLE><ACTION_STAGE_TYPE>1</ACTION_STAGE_TYPE></RAD_ACTION><RAD_ACTION ID="CONFIRM"><ACTION_CODE>CONFIRM</ACTION_CODE><OPERATION_CODE></OPERATION_CODE><WEBSERVICE_APPLICABLE>N</WEBSERVICE_APPLICABLE><ACTION_STAGE_TYPE>1</ACTION_STAGE_TYPE></RAD_ACTION><RAD_ACTION ID="LIQUIDATE"><ACTION_CODE>LIQUIDATE</ACTION_CODE><OPERATION_CODE></OPERATION_CODE><WEBSERVICE_APPLICABLE>N</WEBSERVICE_APPLICABLE><ACTION_STAGE_TYPE>1</ACTION_STAGE_TYPE></RAD_ACTION><RAD_ACTION ID="SUMMARYQUERY"><ACTION_CODE>SUMMARYQUERY</ACTION_CODE><OPERATION_CODE></OPERATION_CODE><WEBSERVICE_APPLICABLE>N</WEBSERVICE_APPLICABLE><ACTION_STAGE_TYPE>2</ACTION_STAGE_TYPE></RAD_ACTION></RAD_ACTIONS></RAD_CUSTOM></RAD_FUNCTIONS>