<?xml version="1.0"?>
<FORM><SCREEN NAME="CVS_MAIN" MAIN_WIN="Y" TITLE="Islamic Takaful Details" POSITION="template" TMP_SCR_TYPE="M"><EXIT_BTN>2</EXIT_BTN><HEADER><TAB ID="TAB_HEADER"><LBL></LBL></TAB></HEADER><BODY><TAB ID="TAB_MAIN"><LBL></LBL><SECTION ID="SEC_1" COLLAPSE="N"><LBL></LBL><PART ID="ACCOUNT DETAILS" NAME="ACCOUNT DETAILS" WIDTH="33"><FLDSET ID="FST_ACC" VIEW="SE" TYPE="ME" INDEX="1"><LBL>Account Details</LBL><BLOCK>BLK_ACC</BLOCK><HREQ>0</HREQ><HEIGHT></HEIGHT><WIDTH></WIDTH><FIELD INDEX="" CONTROL="N"><NAME>ACC</NAME><TYPE>TEXT</TYPE><LBL>Account Number</LBL><MAXLENGTH>35</MAXLENGTH><DTYPE>VARCHAR2</DTYPE><SIZE></SIZE><ROWS></ROWS><COLS></COLS><LOV><NAME>LOV_ACC</NAME><TYPE>L</TYPE></LOV></FIELD><FIELD INDEX="" CONTROL="N"><NAME>BRN</NAME><TYPE>TEXT</TYPE><LBL>Branch code</LBL><MAXLENGTH>35</MAXLENGTH><DTYPE>VARCHAR2</DTYPE><SIZE></SIZE><ROWS></ROWS><COLS></COLS><LOV><NAME>LOV_BRN</NAME><TYPE>L</TYPE></LOV></FIELD></FLDSET></PART><PART ID="TAKAFUL DETAILS" NAME="TAKAFUL DETAILS" WIDTH="66"><FLDSET ID="FST_TKF" VIEW="ME" TYPE="ME" INDEX="1"><LBL>Takaful Details</LBL><BLOCK>BLK_TKF</BLOCK><HREQ>0</HREQ><HEIGHT></HEIGHT><WIDTH></WIDTH><PGSIZE>15</PGSIZE><FIELD INDEX="" CONTROL="N"><NAME>YEARS</NAME><TYPE>TEXT</TYPE><MAX_DECIMALS></MAX_DECIMALS><LBL>Years</LBL><MAXLENGTH>22</MAXLENGTH><DTYPE>NUMBER</DTYPE><MAX_VAL></MAX_VAL><MIN_VAL></MIN_VAL><SIZE></SIZE><ROWS></ROWS><COLS></COLS></FIELD><FIELD INDEX="" CONTROL="N"><NAME>EFF_DT</NAME><TYPE>DATE</TYPE><LBL>Effective Date</LBL><MAXLENGTH>11</MAXLENGTH><DTYPE>DATE</DTYPE><SIZE></SIZE><ROWS></ROWS><COLS></COLS></FIELD><FIELD INDEX="" CONTROL="N"><NAME>BASIS_AMT</NAME><TYPE>TEXT</TYPE><MAX_DECIMALS></MAX_DECIMALS><LBL>Basis Amount</LBL><MAXLENGTH>22</MAXLENGTH><DTYPE>NUMBER</DTYPE><MAX_VAL></MAX_VAL><MIN_VAL></MIN_VAL><SIZE></SIZE><ROWS></ROWS><COLS></COLS></FIELD><FIELD INDEX="" CONTROL="N"><NAME>DEP_RATE</NAME><TYPE>TEXT</TYPE><MAX_DECIMALS></MAX_DECIMALS><LBL>Depreciation Rate</LBL><MAXLENGTH>22</MAXLENGTH><DTYPE>NUMBER</DTYPE><MAX_VAL></MAX_VAL><MIN_VAL></MIN_VAL><SIZE></SIZE><ROWS></ROWS><COLS></COLS></FIELD><FIELD INDEX="" CONTROL="N"><NAME>INSR_RATE</NAME><TYPE>TEXT</TYPE><MAX_DECIMALS></MAX_DECIMALS><LBL>Insurance Rate</LBL><MAXLENGTH>22</MAXLENGTH><DTYPE>NUMBER</DTYPE><MAX_VAL></MAX_VAL><MIN_VAL></MIN_VAL><SIZE></SIZE><ROWS></ROWS><COLS></COLS></FIELD><FIELD INDEX="" CONTROL="N"><NAME>PREM_AMT</NAME><TYPE>TEXT</TYPE><MAX_DECIMALS></MAX_DECIMALS><LBL>Premium Amount</LBL><MAXLENGTH>22</MAXLENGTH><DTYPE>NUMBER</DTYPE><MAX_VAL></MAX_VAL><MIN_VAL></MIN_VAL><SIZE></SIZE><ROWS></ROWS><COLS></COLS></FIELD><FIELD INDEX="" CONTROL="N"><NAME>POL_NUM</NAME><TYPE>TEXT</TYPE><LBL>Policy Number</LBL><MAXLENGTH>30</MAXLENGTH><DTYPE>VARCHAR2</DTYPE><SIZE></SIZE><ROWS></ROWS><COLS></COLS></FIELD><FIELD INDEX="" CONTROL="N"><NAME>EXP_DT</NAME><TYPE>DATE</TYPE><LBL>Expiry Date</LBL><MAXLENGTH>11</MAXLENGTH><DTYPE>DATE</DTYPE><SIZE></SIZE><ROWS></ROWS><COLS></COLS></FIELD></FLDSET></PART></SECTION></TAB></BODY><FOOTER><TAB ID="TAB_FOOTER"><LBL></LBL></TAB></FOOTER></SCREEN></FORM>